Label,1,2,3,4,5,6,7,8,9,10,11,12,13,14,15,16,17,18,19,20,21,22,23,24,25,26,27,28,29,30,31,32,33,34,35,36,37,38,39,40,41,42,43,44,45,46,47,48,49,50,51,52,53,54,55,56,57,58,59,60,61,62,63,64,65,66,67,68,69,70,71,72,73,74,75,76,77,78,79,80,81,82,83,84,85,86,87,88,89,90,91,92,93,94,95,96,97,98,99,100,101,102,103,104,105,106,107,108,109,110,111,112,113,114,115,116,117,118,119,120,121,122,123,124,125,126,127,128,129,130,131,132,133,134,135,136,137,138,139,140,141,142,143,144,145,146,147,148,149,150,151,152,153,154,155,156,157,158,159,160,161,162,163,164,165,166,167,168,169,170,171,172,173,174,175,176,177,178,179,180,181,182,183,184,185,186,187,188,189,190,191,192,193,194,195,196
1,1.05E+07,762779,280951,3.05E+06,172848,1.28E+06,1.07E+06,160409,1.64E+06,852892,1.62E+06,1.16E+06,1.19E+06,1.69E+06,919703,530636,620668,559740,1.06E+06,381164,253110,485482,593100,504101,20032,900986,436512,377012,417718,237877,6823,34219,305160,228913,142672,232830,52582,98421,54094,223746,180811,185093,410428,81245,316233,788235,10954,264864,332747,186368,46336,319276,107021,65453,124481,72483,137685,25397,25917,18784,60778,265500,145385,76350,0,16097,34777,204502,165958,312952,63566,93131,154351,15145,108322,7503,119823,123288,5271,95674,91780,101019,65648,85963,112627,48309,111780,7600,41698,109540,65912,77319,107083,72673,34955,29450,0,46016,26482,20829.9,24356.4,38658,42654,40001,41653,0,2252,0,16478,67811,11513,9124,44561,52865,61264,24717,61295,22476,30945,67571,66942,29735,39821,18082,0,45604,10174,0,39630,14284,34344,32197,18081,43431,48404,44404,8046,20382,21138,30671,16490.9,16622,0,30344,8429,36259,6407,3433,58544,15094,0,0,42967,22386,0,52075,29717,13176,33529,32498,7169,25018,19674,19932.4,0,14714,18134,16872,23310,30295,12231,16437,14382,3873,20273,8313,3764,14885,16462,15282,12793,18207,13523,0,4346,18878,10059,13346,9108,5080.04,2240,4683.96,4028,5711,5371,5631
1,3.21E+06,1.40E+06,3.96E+06,145431,515793,933140,3481,243303,2.06E+06,339591,275088,1.20E+06,169891,612457,891254,1.45E+06,1.34E+06,1.24E+06,313715,519282,124274,732203,314828,476251,111184,12900,71286,176919,2768,27991,2.23E+06,105749,477310,177464,181844,221056,37104,153522,30219,262201,19181,99783,57965,22930,244693,1.13E+06,18472,92223,58895,249096,0,62898,50584,138492,182689,38249,143417,18469,94105,48537,113760,32249,90712,20188,9635,41055,85793,18464,210272,557657,149464,139393,88982.5,430721,120803,296543,143697,107087,5620,125056,3292,13815,62336.1,156131,3121,38446,185688,2510,12030,81272,71349,19078,205395,166665,2180,22676,10717,79167,87664,7789,18809,19796,51201,0,65941,0,9383,12942,6374,2593,4094,7253,23265,83195,66142,5576,75856,15698,38597,7198,24172,4854,6537,10413,0,3219,12430,0,28668.3,71825,47848,8063,2844,50692,6923,60072,5232,5926,7118,27490.4,8524,30849,5122,7017,3521,3185,3749,4933,79023.5,28142,0,4406,4588,38533.9,0,59024.8,25797.5,7617,24518.2,23905.4,11411.2,16039,6866,4647,9294,6112,12263,11069,27217,29934.4,17741,16911.1,12859,2940,3736,13358.4,5419.65,25237,0,11500,13191.2,10558,12482.7,0,6849,3021,0,0,8036,5080.04,2272,4683.96,10377,5216,5805,10009
1,1.62E+07,698276,1.05E+06,3.39E+06,249679,1.72E+06,1.21E+06,836024,4.37E+06,1.40E+06,2.88E+06,1.38E+06,1.13E+06,1.13E+06,875540,544059,626765,632130,1.18E+06,662593,435199,537791,985453,550172,52065,1.34E+06,583968,379727,572905,599685,39556,131890,813430,725212,244112,609458,230173,174636,190757,126592,218676,371244,1.03E+06,460098,385923,558982,28086,279142,834930,459453,90984,657468,377719,289425,114591,248995,126755,103874,92897,25189,103595,230925,198733,132906,0,0,27525,188669,364857,202722,36431,192671,98259,14865,146637,9522,291523,246289,14011,126013,74332,201916,84211,153665,62483.1,61970,121844,16224,34262,140529,108789,122866,134394,151878,31152,103832,27139,115838,65100.5,6825,8502,87089,23225,0,76581,18367,36798.7,20560,29716,125031,33844,34849,47086,58355,66089,29200,66273,36861,24695,58611,52839,34016,67076,27375,30369,76929,30453,3345,45766,8275,76547,45736.5,35108,53826,38375.7,41121,15575,27777,28719,40884,14992,34438,0,59298,6225,46864,3985,9149,45790,10696,10289,13438,17232,24672,13699,45955,67863,0,40243,81724,11411.2,37543,19593,13842,0,19724.4,22934,29983,50312,42342,30121,16971,23767,5687,25078,30157,6854,26314,18207,34389,20728,12241,23308,4666,14112,0,0,25941,18908,4202,0,7933,107204,8280,6721,6570
1,1.29E+07,851155,144272,2.69E+06,416547,1.34E+06,1.14E+06,347594,1.93E+06,681318,2.13E+06,1.16E+06,940001,999750,751760,1.53E+06,627187,617710,957797,478779,567297,466717,737266,306067,64880,662048,2.57E+06,286095,262201,3.01E+06,85743,54009,455735,382584,209410,338296,101203,109529,114424,976973,241968,205318,610260,74344,416548,1.00E+06,18341,796492,551888,277546,0,372361,170084,2.21E+06,157009,87269,87535,46273,53670,41594,152716,223536,87367,113649,0,34067,34823,315848,187221,373430,135792,139200,88982.5,45297,154823,37547,137894,164899,6785,147598,66884,111554,55369,150418,122911,64672,171537,8004,49993,79165,105918,97987,206828,80102,37415,4031,32969,68657,41483,11184,13979,62209,27480,19828,58789,27412,5430,23046,16545,72978,24329,25268,56251,72767,83422,22459,80478,31688,44460,51862,30690,12809,47440,25226,12460,32354,168889,0,60630,10105,38073,34974,106380,62399,40948,57565,9072,18953,91105,31439,9311,23659,0,32579,7652,28184,5429.08,7429,70218,21868,19803,5909,11457,111191,7783,76188,30360,20031,33222,25380,6630,34251,18687,11810,16919,14908,10479,24495,27015,10463,18333,46359,18895,4015,20428,13923,4574,25577,31495,17149,13842,20537,17836,0,11426,7964,12199,19402,12426,5080.04,0,4032,117355,4566,7313,8559
1,8.92E+06,1.45E+06,110020,2.05E+06,165320,1.31E+06,1.66E+06,727650,2.31E+06,1.24E+06,2.10E+06,484550,3.39E+06,835834,772413,416600,999167,520307,894238,450752,386852,386057,807274,341080,66854,820678,654562,283118,390940,542129,20793,87863,632422,566100,175866,559088,188401,155954,112508,158622,195872,318954,391697,145542,402138,1.89E+06,32633,284910,554621,369040,0,482715,260943,167782,170678,179890,86616,81646,70993,0,27811,83760,165434,56024,18157,0,84815,199228,224929,717925,40937,159912,77766,82195,269910,75159,161318,107087,7440,263729,46845,165506,62336.1,178564,148049,62663,221549,9338,37301,68669,168634,87935,225718,96904,50082,38555,0,80321,65100.5,13010,14837,64324,21655,0,81395,0,13513,0,12933,64659,42798,56479,29905,131627,163115,33657,150882,17739,47055,36513,15001,28244,46390,27375,0,18555,58404,0,41312,18706,48892,22710,14984,95504,54537,104962,10917,45088,32750,35990,13740,22451,0,38164,8850,12348,5737,12657.1,133939,30351,0,9130,12838,21966,0,59024.8,55224,32932,38177,34536,6637,64248,26879,33090,0,19724.4,21123,24525.1,33001,18772,21620,14643,29629,4842,13632,15255,4418,29159,16204,19404,14991,8855,15340,0,6123,8607,12060,20186,15562,3346,3479,5689,6460,5092,10529,11034
1,1.20E+07,1.47E+06,1.29E+06,2.03E+06,334631,1.23E+06,1.15E+06,450218,2.75E+06,851683,1.76E+06,1.64E+06,1.13E+06,1.85E+06,1.23E+06,1.59E+06,717445,1.21E+06,1.23E+06,481684,421771,850489,864283,509110,44250,409468,2.35E+06,351047,861244,1.51E+06,1.64E+06,64823,330712,301406,182994,313798,120749,51998,41660,253862,214912,139421,413031,182663,178254,1.00E+06,18538,223198,462833,209840,59876,362669,132793,619724,129170,174492,144160,59543,21719,34956,68545,129898,101939,26526,0,28279,48035,86307,248271,392312,167120,101022,178446,294899,133016,312192,180612,98869,8271,135060,104716,133274,60215,122235,112902,39591,122263,6014,58047,78670,74525,89282,171535,106563,41505,7474,17512,45634,57255,46288,35576,23936,44548,56866,52145,0,26434,0,19355,31657,22529,31743,125412,69647,71764,35041,76309,57198,41145,52360,85531,44471,36055,28456,0,14599,73335.8,0,23557,44812,55601,48743,134498,55332,73330,57153,3688,20721,107320,30297,16490.9,36372,0,54178,7871,16282,6986,12657.1,71621,17167,0,0,24275,109019,0,72235,36046,0,24467,32371,21580,25266,15941,6792,0,15094,13121,17397,35843,46288,12225,11619,16186,4741,25180,9129,3375,19744,6727,20648,12472,21078,10803,0,5792,5747,9546,13441,15232,4719,0,3325,3993,6324,6537,6834
1,1.65E+07,530042,1.92E+06,4.70E+06,242072,1.34E+06,1.54E+06,455887,5.02E+06,2.08E+06,3.92E+06,1.57E+06,1.93E+06,1.02E+06,1.27E+06,907580,825241,570649,1.18E+06,692625,252259,565584,5.78E+06,434860,40567,1.88E+06,523228,298641,431284,503894,19562,65450,496669,454804,211410,428724,118310,124314,143717,370257,241968,408378,863881,191015,906120,1.10E+06,24367,1.12E+06,687401,271512,49748,637579,197494,211872,268594,125783,89193,65350,66153,23131,534884,444965,299314,90610,11079,20742,51759,555418,484223,476462,121377,120853,86119,97429.2,217074,97352.8,371790,285744,8274,213264,91780,190559,112163,151126,62483.1,75649,167052,9698,52928,115891,133911,163142,150715,142080,50159,49606,0,62258,65100.5,10326,11205,71687,185059,10367,86509,8940,9009,12749,21693,138391,21132,19750,88590,120937,135934,65250,135965,25600,33705,74340,28116,45344,75556,34649,27543,66631,48058,0,108665,16800,91540,48118,45247,62441,77135,95699,10333,40109,25117,51992,16490.9,21943,0,74118,13701,42455,3567,9094,92032,47838,10832,12339,33261,50435,10378,66831,53383,12654,62412,57699,7997,55521,9814,7844,9493,53431,39117,29990,61334,33315,16569,58637,24117,6813,52058,12593,8658,25298,45979,43352,28076,17937.2,25467,0,14805,8352,0,44729,27981,5162,3479,5018,5419,10271,7271,9858
1,7.12E+06,1.03E+06,2.48E+06,614423,130060,1.34E+06,3.16E+06,1.36E+06,4.63E+06,1.48E+06,644300,1.50E+06,1.07E+06,582428,846372,3.19E+06,1.78E+06,871146,502992,633595,352247,1.02E+06,580717,489161,72828,203245,630493,390535,658913,723150,1.40E+06,248745,394068,332196,187019,334724,421520,235948,271781,436428,200111,65943,221949,833940,127839,715697,44000,141174,266424,244837,58559,136441,150866,237491,59749,218566,158358,211864,106674,13858,98730,58010,148324,63481,0,0,133063,68087,417432,263711,172572,108451,88982.5,203027,150332,198000,211922,48932,20134,123342,113178,88789,63401,141914,32473,11562,130482,12128,43203,81817,94942,55496,155760,108896,20462,7183,0,54405,65100.5,14938,20125,44189,72958,50397,102214,9121,66950,0,24703,21206,45580,57599,151615,61445,79933,38499,76506,139848,23338,37620.6,23397,33570,25324,69183,32289,15461,129407,4619,12488,54685,97430,100395,30290,55236,22627,53771,18702,20268.5,36429,20325,20268,10616,7502,32653.4,16873,13296,5424,14465,53765,20079,16179,14492,17221,21256,19254,54383,14818,0,11170,11485,12735,37230,21473,26134,9010,31019,21989,24175,56512,57217,14800,9284,17797,5134,10149,10981,11338,23024,6366,38595,6762,20246,12482.7,7637,14237,0,0,0,26785,6807,0,3724,257343,9367,7568.38,7213
1,2.24E+06,929345,1.27E+06,244268,172326,871050,3.59E+06,4.36E+06,3.21E+06,683219,161191,732577,575985,255986,725425,725296,2.03E+06,428516,178439,613377,222695,527352,121750,244852,242918,58019,637493,327533,477095,738857,375695,434125,362909,317866,242290,306438,1.21E+06,237556,173719,91349,118293,55785,75032,197319,54614,931060,27475,28444,82243,222717,44045,78773,148160,269247,24650,790618,143417,675445,98126,0,73909,23481,125878,155762,60170,0,214618,18767,265949,380546,43131,97676,88982.5,84254,140858,80186,203336,107087,5628,149293,71525,37499,24770,113573,62483.1,5574,135484,9916,27300,32846,90716,11645,126309,148394,32377.9,50114,12479,49511,65100.5,34721,25365,81169,22421,0,64345,0,86023,0,17443,40871,38875,37785,82151,75921,86076,46440,83755,47705,30701,8006,8181,15797,10113,32818,17192,5320,41890,0,28668.3,76280,56444,67961,14568,53407,38375.7,60438,20729,20268.5,30420,8986,18562,17504,17008,32653.4,7689,7206,5429.08,16676,70132,8641,32048,13048,6817,16649,12686,65534,7233,0,24518.2,5389,8224,40396,9513,40641,7938,15841,15334,21997,38040,10706,13515,16911.1,20536.5,11519,16844.4,10391,7464,19472,0,25762,13191.2,16309,12482.7,0,14944,12535,0,0,18675,4092,0,2906,138401,6493,6328,6128
1,5.46E+06,557447,1.09E+06,393701,199181,1.34E+06,2.62E+06,397238,2.22E+06,573102,397180,1.86E+06,684959,475745,840789,1.39E+06,1.33E+06,635119,298795,804315,417728,1.03E+06,281218,437225,184967,53326,1.10E+06,390535,514623,901605,482293,64953,237113,199402,272404,212802,116469,215559,148373,347093,314131,58921,144115,254932,117759,560257,32238,120585,126592,143587,96485,81567,89607,304041,99421,91979,152593,54849,69350,19307,336904,35921,304262,205976,46974,15434,185813,61012,169365,277521,140167,65270,88982.5,147344,88253,155311,211922,30899,5466,89261,145374,46964,37898,74430,23433,14344,79450,7667,60535,66475,56801,29289,78646,81327,11682,42723,19299,35737,36447,9418,7379,33871,29776,0,51316,14479,10691,0,12431,40871,26217,27370,89366,49597,59920,39974,57923,40536,24210,16976,33021,17017,18712,27789,0,6715,130155,0,9517,36940,42148,81922,63591,32394,8217,42034,8768,20268.5,56316,11418,17997,15224,18785,22645,4436,9564,3667,18957,79023.5,19195,34401,9247,20576,44089,10557,36905,8606,8365,11750,5509,9017,22053,18716.6,33364,28572,16830,48535,13323,23985,38504,9267,9822,12957,5080.75,8361,7335,5228,13135,0,16423,13191.2,8652,12482.7,7790,7197,6086,0,0,13273,3408,6393,4683.96,173697,4584,3976,3790
1,7.22E+06,1.37E+06,989666,2.62E+06,371959,1.34E+06,2.12E+06,101133,626409,721039,653601,2.61E+06,1.41E+06,923409,1.94E+06,2.18E+06,1.13E+06,2.06E+06,681718,923940,454395,1.08E+06,603220,697534,73695,312028,454311,390535,810410,480760,18666,26916,384993,402760,292369,348044,35189,214611,203089,287514,321814,199295,229715,13099,128221,281937,178646,123139,203308,240416,179653,192601,191417,181996,165245,19970,220945,17841,83612,35363,210149,177228,189054,77958,18601,27963,79183,65463,45847,128656,205390,103667,88982.5,97429.2,68978,97352.8,211922,52261,10132,52703,119740,51973,86218,131814,32219,42565,50199,8415,64687,130136,46516,57971,119060,187598,16049,5143,43213,55694,65100.5,9957,9331,75841,44732,43245,115294,34965,5665,34484,24763,29925,12599,43651,106686,25473,33702,33179,33561,92930,22260,44316,39677,23198,27703,27375,0,44879,73335.8,9487,12751,26543,12305,83531,35526,37391,24717,22600,12665,18811,28825,23354,17911,68158,28809,21309,7420,35805,5050,38701,27293,25632,17585,0,21372,29094,14161,28963,12902,0,13212,14695,19220,12834,8959,22265,23979,15306,26358,12865,37899.6,13305,15269,9882,13765,14033,16931,13666,5419.65,21012,6090,5206,6558,33172,7445,7422,6168,0,4440,0,3312,8051,7628,3793,7640,13425.1,5097,2533
1,1.11E+07,509551,469103,1.93E+06,91483,1.54E+06,1.17E+06,300105,4.01E+06,1.50E+06,1.81E+06,2.02E+06,3.53E+06,1.16E+06,1.04E+06,1.53E+06,628223,993916,1.06E+06,474531,331164,843543,617334,555511,33506,372092,735358,445814,436499,637251,606424,46046,302341,314218,184488,362776,84285,119925,73740,1.72E+06,364169,109144,445661,58669,412593,583593,33952,247242,392915,201852,0,222330,118900,236647,106751,90488,144912,37848,35984,0,89868,111533,125503,77270.8,0,0,70484,156117,227123,241952,98795,90608,91874,26827,99000,19473,174187,124596,6325,92770,111237,126852,96960,112237,62483.1,21323,100123,11831.7,58815,86545,67621,58787,112550,256993,37083,79687,0,48212,65100.5,25328,20316,36099,35052,56696,280127,0,24777,0,9735,33823,15076,17808,38009,47013,69641,52033,63336,44227,16020,55279,50948,31801,40614,11207,0,18075,62447,0,43650,46891,49489,30685,37064,44865,62366,43793,13369.5,8213,33615,29087,16490.9,11215,8212,32110,3653,18940,8291,10755,50624,25329,0,0,25887,43130,0,46751,24085,47400,36487,25221,11411.2,26256,31850,12988,18212,15140,18424,24525.1,31561,23221,13007,15144,15340,5080.75,20148,7629,5419.65,18065,13665,22367,15185,7956,12019,0,8718,9868,9533,11578,13242,4266,3410,3158,8591,5857,5289,4840
1,1.08E+07,1.23E+06,3.28E+06,1.63E+06,48193,1.60E+06,805135,819988,3.07E+06,2.42E+06,1.17E+06,1.36E+06,1.28E+06,638588,1.52E+06,1.14E+06,467814,631391,858034,544253,646988,501909,778906,470411,111184,382992,1.57E+06,430687,339290,1.55E+06,425602,89519,193360,160513,691517,177144,216565,172190,182485,149959,327000,106976,356541,158250,224368,570846,10012,202047,454848,132418,0,327231,65403,514891,104913,166294,119409,114346,73258,0,114343,98613,280396,169811,0,0,49658,101922,263650,230424,80945,65655,47148,45194,66139,36875,199975,110907,10671,64037,75369,185417,78270,77111,88496,16266,73183,5890,59413,145872,43585,76317,81493,113247,5868,63348,0,29934,35666,20829.9,24356.4,38651,80425,72069,131233,0,3720,0,18546.7,38491,23346,36791,63788,35536,42082,36308,41625,53806,15572,48664,31108,55850,39239,33028,38361,22432,213965,0,21806,48643,56994,35152,27437,35402,52389,30802,10994,20268.5,55241,34911,14581,21218,12943,48513,9786,16104,5429.08,15997,43176,34469,145912,0,23891,52404,12695,40101,28786,0,22130,16388,10250,21241,29470,33820,0,20486,42437,10084,38824,37147,9086,11441,10333,5080.75,21364,5335,6187,13443,7819,24017,11605,34417,11019,0,9424,0,8900,10986,16566,5080.04,4745,4683.96,5160,6958,4621,4091
1,1.41E+07,525434,1.05E+06,2.70E+06,134328,1.45E+06,1.51E+06,284308,3.01E+06,718328,3.17E+06,1.65E+06,1.22E+06,1.95E+06,1.76E+06,632925,864297,447284,1.49E+06,533996,530173,976215,841453,441372,21937,498124,1.31E+06,370740,1.29E+06,780995,175926,44412,519635,424652,178287,384963,82000,120614,71881,597146,264248,121441,803803,68120,534811,1.61E+06,32093,672206,575619,316588,0,835413,195954,313509,130396,97365,115201,40615,36851,10350,53059,197895,214745,53582,5743,0,39849,373743,238883,658105,133815,139700,178068,54471,238589,43742,177521,212895,7169,203352,156936,224670,67862,148666,62483.1,25576,221283,11831.7,45750,134415,140750,105047,186186,102714,23607,40791,0,68954,23002,6525,8348,48250.6,20704,30827,69624,0,2959,0,13991,46590,13965,16604,74675,115295,143333,38738,139499,34959,18143,67118,75481,31357,60119,20244,0,31823,30447,0,72429,28085,53733,45453,60251,82896,95588,99913,6045,9520,56647,34931,10698,24001,0,69068,9469,31030,5999,5865,120505,41873,0,0,23013,64952,0,59024.8,58040,20843,62946,79289,13221,62384,20062,21345,0,9303,26488,32250,33941,29934.4,18068,36409,26104,3926,26318,13079,3587,24989,33694,23343,21829,7548,22789,0,9293.13,5703,0,23843,13458,4935,5600,4705,5346,6597,9242,11227
1,8.03E+06,571514,142021,1.31E+06,179419,1.35E+06,883941,526806,2.87E+06,493365,788611,1.18E+06,1.08E+06,854037,963490,426240,473091,310455,387842,484865,274518,589745,257433,593625,62117,339257,294187,439623,399324,401226,79430,84094,616167,513981,114659,453669,149563,287589,315664,187247,182324,141158,131847,111359,189818,974216,28918,92845,118664,338935,0,102938,249732,140929,87270,103895,199634,64557,127007,0,13675,82520,310584,58415,15979,14725,25313,68101,237502,407978,36919,154906,88982.5,9548,246762,7348,183292,46144,8713,196811,64650,47941,49366,144980,39347,30154,198656,9154,34887,146498,160504,29295,151631,95200,37038,21300,0,80934,65100.5,5333,24356.4,52442,34289,0,75527,0,36798.7,0,21317,31084,31384,28002,35928,100471,125990,25994,108220,14796,22500,20287,31625,21160,20466,32798,0,26969,73335.8,2878,16832,22263,49320,25922,16631,63542,13838,72915,10782,18092,16748,17301,24584,6201,11102,19592,4135,22657,2967,12676,81320,21517,12611,24864,33925,10386,22357,71721,10732,7396,15390,11532,6913,60504,18716.6,17366,21433,11354,44474,24525.1,32460,26008,20557,6811,20536.5,3729,7225,17723,5180,25973,6174,21457,7317,19756,5048,8930,8506,2809,0,0,14901,5393,4212,5825,4769,5383,7896,10376
1,1.14E+07,595230,114343,2.84E+06,125234,1.49E+06,239676,337863,3.03E+06,1.79E+06,1.78E+06,1.14E+06,4.98E+06,1.48E+06,892580,411967,142554,369919,919550,587680,281298,460751,812553,583207,49354,1.11E+06,1.06E+06,421579,3356,748956,584871,48230,330235,276200,196641,265065,92664,430950,479120,150926,306446,197516,422736,108668,425748,329896,24256,216236,393919,201410,0,357087,122435,185996,70958,92127,145552,41239,203893,0,78306,70296,158816,52773,13279,0,8426,228009,303061,135031,37783,94745,121274,97429.2,100510,97352.8,230405,145922,8263,79020,43815,147868,62336.1,78320,125443,24675,81893,11831.7,57215,139302,67261,99845,68976,200213,50599,75831,0,52489,11920,5416,6655,24280,33764,58860,65582,0,3668,0,18546.7,101696,19120,17280,32457,35214,42384,35720,38216,28213,16929,42400,46425,48563,46288,29180,31959,42883,34140,0,50964,8224,60659,23396,48322,27648,51356,29052,13369.5,20268.5,56719,37957,34790,12456,9100,41130,9703,28734,4835,19785,28379,16187,0,26917,22241,63753,32054,26011,33946,0,34208,36401,9109,23679,50564,28535,13658,10760,16258,17750,41247,7744,13924,13525,12688,4444,19229,11176,6160,14328,21681,28103,14559,30606,15508,16107,13068,12902,9441,17721,16943,4329,4213,3161,102974,7421,5706,3745
1,5.10E+06,761436,1.05E+06,497312,150154,1.31E+06,1.62E+06,450415,2.44E+06,292185,399290,2.04E+06,752300,439081,881035,2.79E+06,917718,999659,342915,362490,215848,934159,396545,369039,56983,94674,1.50E+06,456200,492342,1.10E+06,446516,68043,923470,788594,187543,624004,124020,111098,81842,283895,176533,100148,199202,112305,82409,1.38E+06,26539,98960,181899,538726,0,106547,445854,367542,57873,91796,137909,62330,37029,0,29027,47660,95950,25780,0,0,74419,46406,204581,544101,174910,223551,28368,70243,157212,70564,211922,35856,6532,157044,119308,42007,41538,178835,11887,11832,181051,6941,28527,75988,123121,39483,179942,54316,12777,60313,19558,133075,99767,29463,22316,56152,35588,0,69962,11489,12615,13166,17614,7941,22205,24293,154658,78640,116399,14277,113341,98740,15030,19802,24961,10613,19304,19737,0,9017,149795,3061,7221,30751,45023,59664,120825,77694,8948,82864,9302,20268.5,57752,13539,16490.9,17231,10220,14069,5481,10013,3119,10366,102204,14975,0,0,10278,107060,0,87027,8956,0,24518.2,7498,8433,52924,10617,14537,6838,20586,12881,33787,27668,52442,34768,6989,26806,7086,10603,33941,3488,32173,0,17971,13191.2,22610,12482.7,0,6554,16043,0,0,11103,3489,0,8558,3180,5400,9435,9833
1,1.36E+07,813804,124839,2.55E+06,133079,1.40E+06,1.92E+06,1.09E+06,2.63E+06,200048,2.80E+06,2.22E+06,1.10E+06,1.67E+06,1.74E+06,1.06E+06,1.11E+06,571802,1.49E+06,480328,305305,1.22E+06,923134,452719,40465,317248,2.00E+06,374015,1.10E+06,1.50E+06,1.54E+06,80594,352207,351959,166925,338376,228735,357517,208300,240936,394717,132007,1.13E+06,99528,360001,1.01E+06,26302,324523,1.12E+06,212569,0,695723,146950,305365,94499,228106,121929,110612,98160,14425,16964,171876,171656,11471,0,0,150221,154292,234963,401713,122216,105432,152899,198757,114242,210938,211922,156188,5628,102342,81915,238746,57067,119889,62483.1,20066,82186,11831.7,65125,47808,71877,96866,157087,217807,40096,54937,0,52493,44002,6363,8541,69745,53943,82923,63677,0,25052,0,21598,28798,49356,86870,73906,55690,59692,63522,63139,53433,25295,75171,63205,43792,46212,27875,0,19671,138729,2992,43111,97140,58424,74942,86380,56711,38375.7,43049,13369.5,9015,82941,36513,30471,17537,8467,89100,4844,27582,5544,17961,68170,35941,7252,13291,35408,87379,15115,70074,76746,12517,52377,54762,19365,18669,15066,30344,10520,12171,21877,24525.1,30966,44141,12585,14750,17401,4039,37339,9616,3391,20870,12412,21296,19086,27142,14738,15487,7675,13592,9841,20219,13469,4311,0,3392,4760,5091,6390,4101
1,9.32E+06,912061,440979,1.63E+06,45256,1.37E+06,1.27E+06,413659,2.93E+06,1.74E+06,794038,1.11E+06,1.06E+06,946612,683584,3.85E+06,783001,869390,586245,434659,193108,603981,1.06E+06,663481,111184,454449,426554,412576,478817,413374,630096,43745,384884,310545,155039,261493,100456,128831,122553,468954,621163,144424,188236,85965,94219,1.84E+06,22068,199170,133655,263659,0,157791,139345,158593,114612,81180,228040,53528,72657,0,111728,76180,96801,52373,0,0,23373,50955,246384,839418,154236,121994,71961,28093,160356,21052,175743,40342,8458,180303,93228,52475,62944,143052,60936,13809,191109,11831.7,83744,126481,107122,101428,230330,71005,37935,8410,0,53520,136599,20829.9,24356.4,37580,83511,64778,55149,0,20025,0,18546.7,37489,18207,28795,52901,100537,126542,25090,127665,56288,19387,32822,56663,51665,23850,18156,35417,38930,54662,3210,8846,27098,51142,29800,29407,89383,26202,96332,4540,20268.5,22890,29553,11210,16377,0,32653.4,6692,19931,6626,12657.1,79023.5,23068,0,10248,9868,15444,9342,59024.8,15519,19483,15272,17063,13369,42439,18506,8383,0,19509,18120,24171,37899.6,32935,15189,13869,22174,4725,15319,8800,3647,26256,0,21476,8549,11473,5632,0,4410,0,0,7325,12493,3040,0,3424,86092,193509,9675,10226
1,6.31E+06,1.38E+06,1.19E+06,468970,248372,1.27E+06,3.05E+06,381377,3.09E+06,319361,595828,802638,1.02E+06,922117,761141,2.36E+06,1.84E+06,1.65E+06,581858,325965,221772,1.05E+06,522809,564132,43174,24962,888540,414787,741791,609128,1.99E+06,55333,426921,307094,118179,278505,103538,161381,129335,389340,249011,134485,151579,74900,114548,2.82E+06,22987,152109,182454,307535,34404,113566,133430,176365,175109,118802,194685,44077,61733,27189,23584,45975,145532,21628,12918,22780,301317,69602,293322,1.39E+06,254394,142110,70085,97784,227394,99112,215388,37990,4999,201424,143354,71203,62336.1,174440,27770,55719,252674,7676,47777,63069,132938,52891,284439,85964,11924,25659,0,58008,82703,83000,54722,40943,14803,27095,50604,0,29539,0,20838,9512,23699,27101,70547,123350,173748,20193,170826,73219,16529,19059,48542,16554,17588,22003,0,6437,73335.8,0,12222,56567,62917,27036,46234,128780,19624,134063,8351,17985,45787,18635,14326,32704,6547,23290,5794,7605,5582,10307,79023.5,23715,0,8526,12735,17157,9448,59024.8,13114,14033,12390,7772,8238,68452,4785,18116,10557,7997,25471,29944,40234,20506,16518,10451,26160,3619,8371,9915,4021,28372,6338,26606,13191.2,9964,12482.7,0,9293.13,0,2973,0,16514,5080.04,2400,2779,7478,5773,13556,13576
1,3.35E+06,467947,170170,362581,313322,950767,2.19E+06,347092,2.28E+06,685547,296865,1.23E+06,1.11E+06,313360,1.04E+06,1.82E+06,1.39E+06,1.93E+06,229803,403996,158153,922656,233373,475401,200980,117079,575617,384050,540272,534920,587641,54409,383811,333285,184154,334737,100906,104464,69609,206494,259638,231884,80760,92211,72275,1.76E+06,21048,50679,77722,248217,34177,76557,146835,133242,242940,71365,143417,48405,35067,33159,26323,34840,156716,49022,56011,28334,118516,34873,208269,839190,184814,114724,88982.5,23839,144341,17363,211922,107087,7339,141535,81795,34367,55856,130524,62483.1,90644,173265,7574,47404,69995,96816,23771,190798,58978,31548,38704,0,52193,67911,46389,31412,50807,43238,0,47885,0,41327,0,16249,10196,15497,14720,143553,86715,108778,28739,116241,96578,15512,16232,8946,16966,11351,22610,0,4194,55123,0,6383,44876,57668,66238,35203,81482,38375.7,90246,6659,35064,28268,11433,9324,54451,9023,9578,7720.18,5736,3746,12657.1,79023.5,33466,16837,0,10901,19000,0,59024.8,7691,0,7589,6369,11414,39820,21698,25224,0,16738,17604,22297,31819,45228,14981,16911.1,20479,4849,4930,9427,3254,23505,0,20511,13191.2,21855,12482.7,0,6386,0,0,0,12570,5080.04,2603,3662,4127,4847,9145,9438
1,1.21E+07,651537,484546,3.31E+06,241873,1.92E+06,1.73E+06,646306,5.59E+06,2.02E+06,1.47E+06,2.56E+06,1.78E+06,913986,2.10E+06,2.00E+06,930936,1.11E+06,1.00E+06,908926,436408,922526,844843,622701,73348,540743,275869,555569,1.07E+06,458325,584871,640671,442934,423850,174406,407458,2.07E+06,92480,97414,261837,252553,255243,331461,131492,274473,725177,15714,209353,257408,261974,108780,308492,192725,186544,275602,550249,197194,938371,44033,24698,35700,222943,176381,134698,0,19089,37876,147818,255593,254165,147643,119981,63439,97429.2,156668,97352.8,481290,113645,27073,147957,107119,100706,92898,132722,93614,71402,120396,81657,122744,173054,101767,93473,136861,237275,34550,41449,30029,63678,61116,6274,24356.4,58474,110164,81109,98316,21652,2404,22679,26727,47789,232674,445092,57207,66624,73523,54810,77492,66278,36429,41514,42725,44087,41941,51449,25835,42246,35038,0,29442,15442,108938,39012,25266,52005,46768,49183,95398,18968,15837,30670,7761,38025,5770,29943,9241,50913,9041,7542,49494,28934,55162,6159,70765,26484,6767,54880,28886,4283,21803,25684,11411.2,32244,21638,13511,11064,33651,20602,24889,75073,23656,16891,16776,20196,7468,22750,12681,13200,21484,14396,52707,12767,27326,12494,0,11018,3763,8551,9259,33988,7219,6794,4435,3010,12137,6863,6073
1,8.92E+06,2.95E+06,974746,546821,148443,1.43E+06,1.60E+06,561900,2.74E+06,779867,1.49E+06,817169,1.17E+06,527196,500203,1.75E+06,964091,1.58E+06,528704,521946,319427,833170,327461,348997,37798,245881,889383,440149,530717,754620,1.39E+06,81882,252628,205685,157920,217878,153928,114940,122620,269512,192182,162856,493940,160893,238335,524044,15764,74185,489463,159201,0,139349,98190,246218,84409,121156,115774,68858,61402,0,118840,39361,33991,28510,0,11628,345391,75435,258601,480933,103110,81427,41532,216238,80520,219980,180944,73956,6009,71665,119032,163625,55079,83937,62483.1,41860,66010,9903,18775,84392,47579,30188,93914,194543,23637,46360,0,41932,59962,37066,99597,48392,153618,28703,37829,0,301064,0,21321,23959,32020,36820,83004,81671.7,40500,66253,43633,63340,62299,32062,16288,16402,29407,27375,0,17563,73335.8,2767,21988,15311,57684,32840,23293,33066,27722,30049,11632,17881,40505,29001,9607,24421,6528,20846,4844,11593,12660,9364,79023.5,10802,16290,8186,8877,6917,8964,35833,16633,10448,14995,13765,8801,18105,13485,22224,0,34277,4548,11114,36720,11950,9896,16911.1,11116,2879,15118,7115,5848,13726,4484,21640,12955,36176,6405,0,8308,0,7163,0,13703,3954,0,4683.96,2654,6670,4042,7939
1,6.58E+06,3.00E+06,980614,1.26E+06,129668,1.34E+06,1.53E+06,342210,2.88E+06,1.15E+06,787884,1.03E+06,5.40E+06,441253,862548,1.38E+06,962083,1.02E+06,446495,459856,232917,632576,450960,355043,50848,358951,307569,455563,485058,349965,497499,56823,368450,320980,154142,332986,96003,235047,255384,398469,297611,308443,120279,89069,132156,946214,15986,98702,147056,209191,68086,111129,146873,105607,139359,92114,122455,40174,99779,0,44151,78142,109005,70298,13458,0,70928,56035,238265,421755,95511,94149,36286,118574,143364,116646,170285,44370,7168,141981,78906,51474,62336.1,95120,42965,51214,127941,6388,36252,89736,86701,46644,133839,95600,43591,101083,22485,48160,56519,14566,18241,45805,91451,0,80665.9,13611,43590,16930,19527,28651,28099,32877,43931,80836,83899,71651,85262,34615,20479,16440,15429,21793,22407,20273,16891,31038,73335.8,9266,13072,17353,61247,23360,41838.2,52956,17197,63109,8428,20268.5,18436,23737,20712,20041,8472,12207,9701,14986,9113,12406,79023.5,32123,11772,13909,23206,6705,17055,62626,14616,20077,9576,12256,23376,28449,18716.6,18767,0,14735,12240,17832,33365,25271,12416,6616,18451,5080.75,6364,8970,3134,16806,0,20725,7381,9033,5278,6656,12535,0,0,0,14390,7725,3532,3135,137246,5998,5921,6114
1,6.60E+06,1.62E+06,131125,406981,178452,1.31E+06,1.58E+06,731356,3.97E+06,1.85E+06,595782,990786,3.62E+06,625105,1.35E+06,1.14E+06,991635,1.09E+06,467538,313474,291710,646936,365784,503878,316327,271175,524608,427013,833738,716894,224994,77992,818274,732487,222010,693231,167058,82508,61430,207854,258071,238793,126527,90983,140709,1.63E+06,17217,80243,136501,462983,0,170152,340520,201406,191490,134190,171901,100251,33128,19527,118655,48578,129309,63879,83541,16196,97552,51748,391992,667324,101614,194663,49325,68943,289174,72015,282676,45217,12088,260537,91780,69781,62336.1,186849,28341,64590,217514,11696,40062,59431,195773,36518,207385,245151,78450,64481,17161,103639,49517,37608,29374,33471,28973,0,96355,0,25789,12846,22617,20973,20798,30956,42204,131753,141309,30248,142952,57352,17874,20341,20967,60461,22215,41415,30349,17354,73335.8,0,13061,30130,77067,20436,9723,101062,20318,91827,12257,30593,25232,17202,16490.9,29069,6828,15130,12246,9620,2686,6380,127460,45633,11955,0,13729,11309,0,108091,17651,13220,16059,12936,12677,59408,23532,21930,5512,8116,15346,42808,54764,29934.4,27709,16911.1,33848,4081,6630,20705,5440,31682,0,33380,13191.2,28052,5223,0,9293.13,2667,0,0,19459,12784,2484,8215,6030,10818,11165,11193
1,4.47E+06,1.05E+06,2.02E+06,502810,807467,1.20E+06,1.48E+06,528065,1.35E+06,722409,408369,1.35E+06,769865,466147,1.34E+06,2.37E+06,878353,1.21E+06,446467,471549,312248,900022,528799,396503,129069,128290,295178,421829,973372,371361,9898,89467,543311,459852,175909,435750,154204,95507,75104,309637,151326,162360,154481,250699,80438,1.57E+06,31896,164723,126615,314021,165057,141837,213159,142225,270944,82605,157165,74538,35171,81815,150998,40929,117949,49792,35470,65515,28932,51308,125978,634494,224866,140113,88982.5,97429.2,223180,97352.8,88335,107087,8415,199956,112226,44689,40850,131550,13977,54605,194720,9664,68999,81770,140622,48761,179515,100146,34191,41513,0,69034,165839,15736,13286,16357,81681,47547,70842,30403,9497,26841,15429,11286,25301,24743,142624,116982,129128,25328,136101,83112,41212,20433,12964,35934,16943,27177,0,9532,73335.8,4220,7529,30408,32336,71921,17672,83919,11657,89624,9941,19297,16304,16384,16490.9,49035,0,14034,4341,7541,5429.08,5495,112464,41459,13805,0,12023,38533.9,0,102607,14988,17460,9612,11316,13463,52930,15562,14673,8442,33333,12539,31488,20632,29934.4,19239,10531,24538,2892,10366,14575,4759,22180,0,24180.5,13191.2,15232,12482.7,0,9293.13,0,0,0,7605,5080.04,0,4929,3330,13425.1,9266,10267
1,8.92E+06,966378,793004,1.70E+06,237489,1.27E+06,769736,280213,6.64E+06,756363,828539,2.75E+06,896131,1.54E+06,1.35E+06,1.61E+06,455154,1.78E+06,854563,322082,331034,1.23E+06,577527,684260,58597,373783,469639,373936,6023,568692,413938,41465,918410,728182,123562,642686,76668,91249,85514,228610,190189,192483,326217,47311,108306,2.16E+06,22514,143787,286490,478526,143995,177045,341317,235629,245478,146197,143417,34807,33508,24854,110176,107201,94667,29324,15849,20799,32409,50828,297450,862737,229071,204543,137247,71466,318720,76163,216703,107087,5113,272734,117348,70446,50372,184368,62483.1,63990,260607,7107,54980,83795,196941,60831,241564,64447,27159,28766,31834,104490,58653,17106,15042,50918,16454,71175,108431,25601,5410,22104,20534,31308,17865,20956,73875.4,153356,186387,27623,189539,85418,39992,39507,79855,36239,24240,11121,0,21122,71506,0,12451,39015,58237,85889,10509,119311,37549,127095,5727,17035,27140,16531,16490.9,36066,0,25881,4784,22812,2644,6663,161634,31950,0,0,23730,12054,0,59024.8,13041,11336,15657,13159,7281,80377,18716.6,12212,9830,46590,12054,47370,41506,29934.4,27725,8634,36411,5080.75,17251,19098,5419.65,32209,0,25806,6672,8546,6917,0,9293.13,0,6392,0,16606,3463,0,7141,3598,7659,12997,12649
1,1.12E+07,597237,34114,1.63E+06,312244,1.44E+06,1.69E+06,1.20E+06,2.18E+06,1.23E+06,1.44E+06,556690,1.16E+06,1.03E+06,357964,2.56E+06,938047,1.55E+06,1.66E+06,473944,732225,791432,1.97E+06,349126,61857,428602,593570,365607,231762,533283,641834,160012,600272,512496,172119,532264,335664,147393,6845,705531,175045,93805,277914,100152,303816,937805,20791,518009,476658,329392,45100,120834,216785,142652,107416,122059,96923,163679,43853,30646,20125,87719,123414,85161,17017,25158,148954,297416,189639,348511,214904,143385,99689,30618,261152,211101,211922,107087,6759,210317,96147,175638,62336.1,151282,94484,43185,189408,14315,47856,77022,172256,192219,151829,126280,35292,22731,0,76276,78853,14996,49720,26887,32625,27951,91167,7678,167692,0,13737,39145,29878,36531,58220,91809,111554,21714,103180,53197,43472,53206,13647,12608,43873,24859,24534,9955,39697,0,37980,17330,47131,23735,41838.2,63783,108549,68148,14695,19071,29635,79164,16490.9,13212,5442,24866,7720.18,6472,7619,6868,67053,14404,15841,6205,7941,9194,0,67090,16608,33841,18445,8986,9278,44798,12081,14483,14350,19724.4,19581,40982,25625,22725,19275,22711,25544,2178,9089,15612,3573,24987,22891,15891,11144,6399,13287,0,11141,4097,10712,46600,10878,4070,4052,5155,5616,4892,7120,9277
1,9.60E+06,2.55E+06,3.35E+06,1.39E+06,827972,1.41E+06,767154,261221,3.94E+06,1.24E+06,1.51E+06,1.35E+06,1.02E+06,759812,772711,1.31E+06,460676,758346,751319,504521,556720,584983,668369,366817,179409,480807,579400,454409,372047,478824,123123,27634,436236,429760,275995,401594,46801,119996,69567,282777,241968,168337,394973,56148,186144,283228,14512,337496,420601,231625,75827,204237,187399,187490,113468,156145,112892,12602,37389,75773,216875,90300,183124,209167,49558,64410,103632,120328,395154,104186,127363,105292,73293,26944,106026,19084,291672,116694,4591,103946,68898,92607,71972,87872,85801,55268,86110,11831.7,75299,151412,75820,79157,82200,86417,49751,39394,29475,61603,81910,33443,35555,38094,122270,41483,61480,15720,18292,0,18546.7,35018,8180,7620,42618,39545,46511,19127,38919,36646,36961,32089,26069,29013,39701,29319,29680,27130,40093,0,21966,15862,77589,29312,54523,32821,2484,25760,13369.5,14472,30997,26174,9305,15145,13936,36862,13535,15223,3497,11729,24634,16828,14936,0,13363,45615,0,26665,17748,24220,20068,17050,10882,18656,18432,7713,7697,26962,30278,19994,50315,38044,15358,17555,16432,5080.75,29533,12716,5861,16141,10674,33421,11744,20922,12057,0,9293.13,7717,9247,12502,21638,4221,3388,4033,7856,8650,3875,3887
1,3.76E+06,898321,190696,259703,1.52E+06,1.04E+06,1.27E+06,446846,2.95E+06,405499,286410,716042,1.61E+06,155538,938296,1.34E+06,721197,1.60E+06,233240,327279,433045,572860,196674,475401,723147,71256,625566,420194,595615,879018,274327,63364,581817,438115,328676,420975,120584,335260,375245,85108,87107,75759,323671,77175,87270,2.32E+06,22583,33048,297688,394264,46465,154860,191495,307487,72813,89937,143417,58820,246997,136970,197675,24443,34399,55739,176630,114604,93654,28329,273048,882093,67006,182661,11203,30443,179142,20400,195786,107087,5395,194973,60892,62771,22803,192328,11349,34097,223224,8482,20686,65793,119583,19449,259920,106731,28222,39079,15712,85646,68942,13340,30678,71402,17974,0,69340,0,57593,0,18546.7,6387,26092,24799,87268,107283,126235,26551,137725,51684,39205,20817,37014.3,23492,12847,22683,15213,25056.4,57885,0,7443,105035,53223,52951,21613,114742,38375.7,92886,9128,12934,30601,9143,27635,47883,31325,15772,5249,19963.4,2615,36088,157089,11959,263006,33236,20496,29248,26919,59024.8,14190,0,8805,14525,11411.2,58557,21884,41440,23984,7597,3949,28726,37899.6,36136,22027,16911.1,26646,2426,4714,17538,4508,34021,0,22807,13191.2,5311,12482.7,12222,9293.13,0,0,0,22614,3855,3175,4972,13974,6339,12331,11159
2,6.96E+06,690322,25379,1.22E+06,322612,1.28E+06,913923,584887,2.99E+06,1.46E+06,751215,877192,1.01E+06,700793,701161,949986,559460,501417,349405,393435,389980,675830,413797,466663,57765,300311,232556,415806,351902,265519,42568,628225,1.25E+06,1.07E+06,119360,777249,2.07E+06,134291,87001,477301,233646,237850,112452,43004,145508,2.24E+06,81439.4,198921,107199,750329,46790,97787,615259,102618,195638,466266,156746,938644,42425,31855,175522,73982,127581,89460,16435,27753,18300,89250,283405,919347,92579,301011,63054,22420,272120,11646,205706,52439,19143,232645,95564,66390,51234,234339,43494,51887,225564,116738,34379,170176,167440,40447,260475,48208,51531,185079,0,169034,51927,7905,26189.1,30367,48415,36860,89202,0,1646,0,25609.5,23506,260505,446999,29231,133328,158639,44736,164561,35164,149072,38104,25798,25995,24705,10414,23981,19336,14782,0,16379,9072,64515,23468,36937.8,129053,11349,119727,103232,26012,11130,13094,10736,14531,18884.3,14369,12393,15897,6794,21447.9,172816,40067,15987,18533.9,40240,30910.5,0,67749.7,10767,88620,11961,8916,9538,67180,6583,28450.5,12177,14939,15538,40253,40869,9353,46231,13887,39022,4017,7629,41225,4021,39374,7413,25317,6752,11588,6048,0,12731,8521,5842,0,14061,3060,3906,11759,9855,6742,13864,11514
2,5.52E+06,4.56E+06,896346,1.23E+06,464186,1.07E+06,942159,786127,4.45E+06,3.65E+06,465412,1.72E+06,1.21E+06,531177,1.54E+06,1.44E+06,553395,826351,311002,621162,408626,854924,312463,538366,102389,344008,238086,386941,733579,298563,1.39E+06,77731,520012,418902,202271,372135,158064,253568,251453,338165,183057,201329,110346,22247,104558,1.17E+06,5894,132612,88436,301492,61996,123303,200045,99905,217012,54615,176837,129361,114465,47283,36211,79937,74286,64999,26962,38637,88980,52392,511704,475019,178096,139174,41502,141903,179136,159739,350855,0,10227,170546,49545,33441,69206,133341,15595,56364,194209,17943,44457,56971,131180,33838,177469,58300,107474,225452,21776,67115,82599,73279,35659,34114,109825,220938,74179,12386,17184,16084,27872,27571,17988,48130,38161,100359,107034,34723,99371,49257,20335,14181,16775,148402,14172,0,52126,20845,13149,0,9596,26360,102585,25721,36937.8,70253,3994,71021,28676,19159,12474,20704,21154,27282,23810,13989,5054,13528,6357,24252,81748.8,22215,37740,19733,47188,8409,18642,84931,10546,0,9690,11906,15062,51673,58224,28450.5,16612,28337,8564,28858,59688,11059,19271,8611,21496,23806,7551,13711,7740,24520,0,37827,12466.2,24554,0,9980,8082,11380.9,0,0,23445,0,0,4245,140224,9729,7868,10045
2,8.41E+06,932065,843558,1.42E+06,249571,1.31E+06,782182,67532,499558,2.46E+06,1.17E+06,1.22E+06,1.45E+06,939329,1.28E+06,1.26E+06,476447,958001,511858,540272,296401,797519,458423,484376,38197,302227,220698,404030,696935,239780,21558,12969,425909,368143,179463,386463,18311,113797,74322,518510,404990,259834,135187,5113,219261,1.34E+06,124279,203127,145046,252477,47458,149408,158836,96189,219986,75029,139142,10499,34978,27326,140759,42182,114131,76395,60466.2,21522,26707,110690,48447,637370,149364,122593,75581,126655,165643,111070,33330,67448,6580,165250,141114,72972,77613,136254,61615,81325,157506,6585,38430,156780,100977,44887,192618,38135,50831,5287,0,56818,46084,22269,12567,13283,168504,0,68513,0,54662.2,0,48913,30510,28635,8133,65360,96779,101264,85241,108835,54940.1,64905,21942,40716,40292,26987,0,23420,32149,9603,38731,23169,11526,16315,39435,14988,67843,24043,82493,9816,49943,11265,20963,9218,18255,18884.3,33940,9703,28634,13221,21447.9,115155,32807,14241,18533.9,54353,7066,0,88460,12395,28497,20740,15150,12887,39405,13160,28450.5,8774,44093,15235,22522,7901,35222,15525,13657,20924,12729,16429,11129,0,23066,9590,5174,9169,12330,7194,0,12872,13560,7647,5402,0,0,6736,3866,5186,0,8035,8004
2,4.35E+06,432620,2.02E+06,570622,1.38E+06,1.29E+06,2.82E+06,461168,542895,1.77E+06,355828,1.13E+06,2.33E+06,502193,1.37E+06,3.16E+06,1.71E+06,1.84E+06,503905,394444,411549,857054,868865,386628,468206,286923,2.50E+06,435003,899818,2.54E+06,3.72E+06,108100,471017,363230,338674,391463,151654,658337,832991,566518,131455,225431,133616,50913,129487,2.06E+06,138536,178150,167276,312396,0,128237,189822,823206,135295,69180,139142,81024,405087,130822,194143,50970,106079,139759,115687,107820,105420,73442,55179,786437,207859,149327,40596,92456,183710,91583,35614,46073,22439,186370,101239,44083,62344.9,193684,15605,47543,174048,30508,35290,91990,104233,87823,285299,33977,44191,6528,0,67066,84198,19036,50046,28035,151876,47364,62133,0,215016,0,25609.5,26469,42357,16703,61703,104876,109685,29567,112279,67476,62200,18193,14367,35884,23303,0,23958,13714,180292,9417,13134,26860,17142,33884,144421,100036,19290,86777,41247,32477,97001,25763,52015,44636,18364,10452,5497,9963,5288,32919,138642,20328,61130,50792,16742,116623,54683,67749.7,15093,16978,6172,8214,16526,47653,28179,104485,18529,39840,13569,23068,9192,31863,17895,13284,23960,7649,10067,13719,0,32127,6928,6097,12466.2,42532,7409,24291,19236,11380.9,4900,7566,2439,0,0,4566,4418,0,11215,9715
2,1.27E+07,1.06E+06,96274,1.85E+06,272652,1.23E+06,1.28E+06,44065,516377,2.14E+06,2.80E+06,2.13E+06,1.60E+06,1.14E+06,1.60E+06,1.23E+06,757702,1.15E+06,1.04E+06,584760,333274,1.20E+06,841490,417888,40704,550226,379680,383072,965340,423680,7570,10203,384333,342630,138704,308515,14213,153942,129605,373675,366602,303170,601533,7534,417725,887556,120799,328169,348266,227311,0,438695,154797,164503,343640,117745,111711,6760,55161,29913,132269,87098,160495,38985,60466.2,23356,54135,194601,56669,346837,198825,112414,115556,53642,151123,46064,38279,121475,5339,134611,100078,186297,81256,132848,119762,92913,139257,0,33075,139295,97206,95908,182215,59954,54862,285379,0,51716,45922,7243,27926,19783,36598,217797,50496,0,21445,0,58629,60815,12975,95084.7,47699,74802,83229,55941,82032,54940.1,52624,54063,37698,69481,40496,0,24277,25860,27205,43773,61544,48071,16205,30572,27687,53352,41496,65075,29649.7,30344,36128.3,35353,7436,31576,6835,77978,6600,21506,9540,13433,63245,47640,27908.1,7328,30700,14297,8023,67149,33641,22162,49024,36830,9764,33355,60015,12247,18694,12731,21026,20429,9540,22329,13455,16940,18244,9422,16123,10026,0,22291,16567,6399,17147,18829,13944,0,7030,3149,10291,17211,0,3850,5513,3627,5797,0,5964,7040
2,6.51E+06,1.27E+06,4.82E+06,1.34E+06,1.08E+06,1.55E+06,1.44E+06,385096,2.68E+06,1.11E+06,579841,1.68E+06,1.29E+06,781734,1.50E+06,1.33E+06,736159,939781,444231,868017,781691,695976,333646,631367,449345,191386,278190,480890,282321,327405,172941,66724,450910,408547,652733,421607,125092,622172,528126,253741,202373,215455,116279,116244,108077,711060,32975,93293,103610,274017,258408,89941,171595,209950,175842,102190,224864,62889,235796,92486,123026,79563,213493,508757,105436,78287,23885,52179,199129,271364,86795,125769,50978,15232,140094,7220,160351,45849,8214,115432,92143,39899,78054,119016,27227,69729,117175,0,67846,172642,87834,35585,133393,169458,25199,111367,45401,68802,39849,12804,14398,43311.5,30713,35637,81654,43582,5414,37539,15488,17900,53560.3,95084.7,98048,61841,70135,37680,65322,36495,20907,17717,52038,26108,22752,34120,20230,17360,87400,8139,11339,23485,48389,27296,17474,49603,14649,44075,6099,26742,26785,13697,50809,33293,56661,12311,4848,31166,7215,51046,51143,20647,106242,30438,31280,14975,36774,52231,7707,4097,11968,7147,15582.6,35422,15575,42970,78866,20642,27495,24476,27266,7067,17650,7455,18244,4691,10216,15291,6161,20446,0,20473,6117,8159,5917,0,21773,15056,0,0,12267,5099,6200,4071,116872,5187,5957,6536
2,8.20E+06,613435,300797,403175,119065,1.33E+06,877856,54859,430189,582109,812570,1.19E+06,683409,468504,745928,476300,517682,973362,556091,678205,243020,755756,240209,344420,59681,117186,1.18E+06,416927,630419,875551,311430,14624,330637,288783,141486,328802,17070,133800,68810,102053,140786,176953,228391,7064,149593,1.06E+06,128258,63667,318680,203136,0,131152,124158,164625,86162,30660,124093,8600,41438,13712,31089,41001,153990,89630,16823,43889.2,27644,47183,43314,471987,61225,95895,36726,39676,137031,32549,26557,52547,5035,139473,93662,160232,34800,113995,61553,38587,113300,0,31305,130209,76859,19617,143941,50043,24473,265036,0,45520,19250,26673.2,11096,43311.5,42338,31564,51244,0,68799,0,32747,10389,9195,95084.7,133324,71849,75482,37123,80357,35232,51857,27280,33362,23899,23716,0,0,5081,65101,5456,12949,31655,41641.4,59113,18605,53105,31313,60826,4368,27292.1,55342,14900,10972,20335,5999,22037,11343,7125,3895,21447.9,87099,15836,12608,18533.9,22094,25013,0,66348,14848,0,13041,9374,12076,27696,18477,28450.5,14018,17788,24028,16574,6623,20245,11607,14417.4,17247,12446,16344,9051,0,17323,0,4891,8083,18174.4,4895,0,3188,11380.9,6111,0,0,0,0,5668.23,102053,211304,6191,6631
2,9.07E+06,1.65E+06,803831,1.57E+06,778755,1.78E+06,4.10E+06,270743,2.11E+06,384113,883303,1.81E+06,1.45E+06,641636,1.26E+06,2.48E+06,2.40E+06,2.06E+06,1.04E+06,814602,596597,608604,1.20E+06,504259,380301,138404,1.63E+06,479472,973011,2.42E+06,4.51E+06,51972,301190,217276,390761,245462,85807,73379,101076,204168,229774,105556,1.28E+06,108913,235783,591351,24249,238578,1.44E+06,191782,0,441526,106804,447670,181027,61326,157037,41498,52930,69398,564713,56397,137049,60453,93638,58645,530459,128508,181184,210993,193710,92949,44066,1.04E+06,101167,772385,134429,65149,7352,94267,171053,250394,42728,104087,61144,48694,108748,9017,113039,95861,74738,100711,116918,454382,29007,40797,0,47770,71776,125074,125270,77343,27514,0,50479,0,375162,0,12521,11986,12760,11973,163632,35261,64512,38713,59866,227256,21521,46141,18244,23266,29530,36078,0,6462,338675,5254,21494,146931,36539,189738,126790,39864,66091,37634,10222,27292.1,136100,41491,22856.3,107386,9322,19629,3537,7306,8209.58,11705,40776,28584,42739,9589,33873.5,157042,7360,47600,48956,0,30150,44309,9814,25355,59349,44882,17961,15036,13972,18460,23483,42356,12234,16178,13149,3449,16141,9341,4964,18956,10640,17871,8614,8589,7014,0,8940,4381,5801,9748,14288,3878,4309,2298,169172,32684,5742,6610
2,8.20E+06,693973,47896,2.87E+06,160603,1.75E+06,3.31E+06,258398,2.74E+06,1.82E+06,1.27E+06,1.53E+06,1.11E+06,724013,1.32E+06,477302,1.74E+06,411959,661483,846108,275213,601832,485618,466221,40179,625028,594239,497905,671301,594386,130867,46693,187434,144254,159260,146417,77059,73193,43256,181620,201909,221793,464302,146775,443864,612033,23321,198578,398321,130172,107836,351230,71507,178478,117552,87686,120794,36518,24624,51424.1,21015,199762,326720,39048,60466.2,13498,192359,177089,223958,251352,48548,60847,56276,22434,67708,14228,131448,0,5731,66612,68217,88520,56567,74834,0,28318,77587,7246,37348,79755,49227,49348,86268,129996,22882,98418,26756,28513,13948,48493,29950,43311.5,27350,10397,32912,19366,33880,0,12976,61966,15080,15962,95421,39503,49804,37759,50585,35227,32648,39800,16298,44293,46080,33579,27116,25392,14630,0,43126,17671,54204,55722,14780,33255,30063,37796,9342,13852,22448,22660,22856.3,13615,18884.3,18508,6144,19900,5656,21447.9,45063,25472,27908.1,18533.9,40549,29063,0,40727,32030,3882,18367,31490,15582.6,21510,21214,7717,8804,10981,37918,11104,29678,43537,8176,13463,10554,3536,10001,5679,5098,14003,15709,20739,11366,28724,14587,0,13905,27727,10607,8537,16457,3736,3609,5668.23,245815,6393,3906,4648
2,1.63E+06,3.56E+06,1.59E+06,79942,225234,1.32E+06,608254,983837,3.32E+06,404557,94633,1.43E+06,571020,130020,1.20E+06,1.93E+06,339609,1.09E+06,71517,588979,319985,1.04E+06,93086,125810,104703,21016,318941,404885,1.15E+06,247897,1.21E+06,75716,358193,322372,342179,326005,200999,180208,137125,170525,118656,39339,55149,72587,28941,764638,18762,16615,48769,225904,83958,41375,135127,120450,71116,139420,50638,106124,70822,51424.1,114326,8877,181592,37817,25613,17059,58188,10290,263519,302007,135402,101280,75581,581739,120636,477549,204698,0,7134,112026,108526,20690,28557,116249,0,13408,122149,0,8951,131022,79716,8327,127626,105159,10080,50913,20729,50758,66614,12226,13033,39583,19255,0,184240,16772,39750,17414,25609.5,42158.7,53995,105892,67172,60808,76663,37602,80859,100245,18957,38104,5766,33282,31213.2,29540,0,29746.3,29066,9002,30185.2,219602,54838,37567,36937.8,53676,37250.6,51710,29649.7,27292.1,25425,25607.1,15919,20864,27700,9316,9058,22933.6,30938,22625,62713,20142,38587,9554,23969,30910.5,9197,59575,27079.8,0,26054.8,24889.7,13558,31427,13786,31515,10047,13524,30493,21488,24081.5,11923,14723,14417.4,17019,3821,16487.7,10272,4212,20307,0,22908,12466.2,18174.4,0,11306,6285,2644,0,0,14691,4031,6118,2815,130766,7179,6639,6847
2,3.43E+06,458424,986955,429213,159116,1.07E+06,2.11E+06,274646,1.93E+06,383792,252233,952738,852371,218044,879251,797844,1.17E+06,601910,174244,489712,176312,521838,174458,220934,61458,84864,649020,389363,368950,583186,126993,66614,612598,580351,177397,527554,85159,185398,177154,114196,229774,110673,75709,70239,62591,1.51E+06,36922,38419,101434,356182,0,71308,277413,168327,44173,73472,139142,33368,76153,51424.1,104865,37130,69448,80885,15674,43889.2,56733,26935,136660,568903,46727,155054,75581,10813,208986,6145,131448,0,10871,188605,52143,30122,35626,153031,9423,14885,191195,0,17616,65602,153518,17324,178205,112284,46646.3,65764,0,80860,51927,5635,5665,77644,50118,0,93594,0,17493,0,8524,7002,26659,21556,37773,104898,123935,33553,115752,27975,19009,13165,7558,10125,12532,37072,0,9000,32376,3969,30185.2,26233,38008,27237,31013,79997,37250.6,84556,6237,27292.1,30651,8329,15130,15900,9194,32446.7,5297,10186,8209.58,11767,106910,11444,12455,9646,10010,17122,12507,104981,7276,0,26054.8,24889.7,15582.6,53633,32617,18953,18694,23815,10118,36409,20636,16354,21443,14417.4,27553,10446.5,16487.7,20365,0,24571,0,13175,12466.2,14326,0,8376,10291,11380.9,0,0,8515,0,0,5844,150277,3788,9198,9877
2,8.20E+06,181361,40491,1.56E+06,92163,1.78E+06,681339,409555,3.04E+06,3.75E+06,1.12E+06,1.15E+06,6.50E+06,209507,697652,798470,389314,323355,372283,462655,234214,519974,57826,163278,6800,516612,545681,487518,476493,266184,13808,57600,541810,1.02E+06,113956,749528,102005,38717,9516,923952,486209,170754,281417,65927,432409,681955,20893,48245,246577,672971,25393,203945,638387,172121,138110,90316,56765,46330,105280,51424.1,66823,99206,208793,40564,60466.2,43889.2,19646,62740,250065,295435,118207,287833,15329,126655,129772,111070,193939,73452,5966,123793,129377,122140,137597,169915,0,33160,113017,5610,13091,170883,110364,6768,125846,134748,47036,110338,0,179220,25468,6064,5317,28977,365615,127197,77486,0,54662.2,0,25609.5,44603,20659,26014,72162,58530,81520,54480,72774,29291,20080,31897,32604.5,50570,29145,20798,46109,21301,22557,0,40953,9153,51573,34502,29358,58827,10430,50565,4164,18396,36217,24886,22856.3,27205.8,18884.3,49233,7842,8745,4355,21447.9,55490,37632,15693,18533.9,30104,30660,0,50909,22562,29828,31532,19014,12831,37499,63075,28450.5,18694,40018,28568,33020,33569,43715,45152,14417.4,28635,10446.5,15095,52293,0,30770,6623,22764,10759,46547,8379,0,16405,6093,6054,0,13519,3670,3952,11431,8379,6943,7641,6123
2,1.37E+07,659694,38102,2.63E+06,134623,1.50E+06,1.69E+06,215324,2.02E+06,2.08E+06,2.03E+06,2.42E+06,1.31E+06,1.41E+06,2.05E+06,992061,978325,500351,1.05E+06,556218,405448,781590,947796,611879,33240,635051,896336,395006,1.08E+06,779418,435590,45998,346919,311224,187765,327270,69207,385496,377798,257428,341537,150818,592193,105173,354131,792246,17334,212627,642133,214714,56177,556871,138339,227773,81247,107631,146031,30480,148713,51424.1,148164,162487,182094,69141,60466.2,43889.2,61423,128281,188727,385726,54825,99964,115485,80977,125187,80135,131448,0,5488,119088,109907,193321,67607,100378,0,18686,116753,0,42765,104217,78317,80609,116302,62999,56824,60120,14674,49652,32186,7362,6229,31816,61110,143632,65452,9760,14648,0,17322,47551,15405,17898,98595,80761,82475,44230,76436,48884,26832,59377,49117,107016,44539,23199,30475,48610,39458,0,39545,31546,45729,40861,14794,52155,70793,54567,5562,27292.1,42416,43151,32395,15751,8664,57223,4798,30484,4905,18477,81748.8,22081,27908.1,24034,27491,36204,26183,56428,62311,0,43627,56356,22842,29139,24055,24303,12439,15658,17614,18853,28360,47742,12728,12483,17519,10446.5,22696,8992,4647,18703,10806,17807,16489,29114,13854,10763,12932.4,11380.9,9751,16271,12996,3949,0,3671,198762,6364,6203,6453
2,1.05E+07,700175,558585,3.24E+06,271500,1.90E+06,1.74E+06,1.12E+06,827427,1.42E+06,1.69E+06,1.33E+06,1.58E+06,1.71E+06,940282,1.27E+06,871776,440799,826156,951572,375614,635886,534083,900770,79644,578952,270757,518209,486055,193197,884957,171522,309740,301875,429564,298979,343133,317738,293543,742095,275681,335069,254765,103642,350196,260974,168637,239038,186268,180762,137965,246344,135646,124279,152456,73151,244221,179360,125948,25796,19290,245703,288579,181305,20347,21279,57408,148381,69196,126417,35460,82545,138070,126655,95572,111070,51250,117785,25751,84769,89890,79204,84794,91230,101708,55328,65157,44381,78130,177914,71940,61164,81944,257016,18896,99281,39729,48031,51927,8158,7952,71717,47062,31525,75406,29367,54662.2,30771,44107,58329,32945,48304,56841,41018,41432,68517,40371,20443,22612,40389,71225,29943,42920,0,24910,75912,21465,40592,40691,32602,27766,27427,18500,25022,47007,31873,71943,54249,20232,28989,25875,15600,15184,32281,18111,74287,5469,22914,24541,29984,14499,17153,56473,12965,20908,22270,21373,23621,21849,27366,28333,17959,28600.8,14337,12902,14960,44785,16534,5131,24572.8,12003,18239,13781,4047,22329,9707,0,14044,14769,7177,13219,18074,14364,14146,21262,4503,9811,9828,4779,7489,6242,3195,163295,0,4701,3438
2,1.43E+07,864656,245451,2.86E+06,285031,1.32E+06,443116,1.27E+06,4.24E+06,452217,3.11E+06,1.16E+06,981956,823119,798498,641809,240211,486268,989870,611530,577117,413845,595688,296079,67491,1.10E+06,472109,150453,293232,452474,35572,171162,769210,720535,295971,657422,279057,196506,167190,188162,234928,169533,807761,83789,558015,1.16E+06,81439.4,456918,739630,405593,52268,449159,317467,232243,125404,71612,79238,192436,84966,30120,53170,235607,132803,187875,18601,24485,21848,273980,239324,468923,80040,167427,68752,126655,251040,111070,182066,230742,16975,186533,60183,135782,49882,150967,0,38429,190638,54353,27474,101577,170511,76018,162861,40350,46646.3,7926,0,93684,51927,7538,6578,64364,97454,19460,108834,9686,4410,12975,14628,103798,41075,46302,19741,110021,122267,41157,117646,15508,85415,70766,22205,12320,63185,0,0,54492,25550,0,63084,12739,55391,20295,24694,76820,51342,81395,83424,20034,24211,32186,17033,14594,8597,42767,13934,30713,8533,14371,92521,16074,27047,12667,24828,23865,12355,77147,33155,6802,43741,32515,18041,54156,30491,11031,66935,22844,14486,40970,44548,20843,25098,27212,30022,10446.5,35645,18170,0,24983,24050,22116,21821,7684,22827,7636,18242,55112,0,18760,13220,6395,5607,6740,2162,6341,9566,9786
2,8.20E+06,1.14E+06,216917,1.57E+06,346361,1.36E+06,1.11E+06,48003,505283,1.42E+06,779907,1.69E+06,825444,1.69E+06,1.90E+06,678473,613604,678122,740328,268230,375765,1.57E+06,371026,843187,61354,227323,727334,404885,1.51E+06,321555,13608,13019,1.72E+06,1.53E+06,209684,1.20E+06,12773,137608,50391,313530,192141,67648,263357,66105.1,126554,2.38E+06,127757,124768,213492,961829,79707,199579,844310,150431,153239,47013,257003,7757,32542,36562,80484,79615,114890,82039,16284,28965,45184,78965,46430,1.13E+06,81385,397381,131792,126842,409916,107927,35091,49134,11782.9,355915,101559,84422,45271,315721,47704,33785,308650,0,82636,49010,371141,40398,273966,93126,50245,135608,23212,227015,30162,11740,12591,22519,26935,140355,125043,15909,10040,17014,17781,19265,8787,95084.7,64319,157576,228444,36629,226606,46430,57579,29185,87702,160823,22314,0,26636,10724,13365,17798,15865,39752.3,25456,28992,43040,142238,36955,165360,29649.7,9356,50255,18527,22856.3,20137,9269,34539,6894,15889,6238,8551,81748.8,15874,15826,18533.9,108045,25960,0,67749.7,18217,18246,14322,18249,19398,91629,28600.8,14794,7363,15043,19130,97941,14927,27456,60235,7613,51702,10446.5,13198,60201,0,52587,6464,5025,7059,13559,0,8120,12932.4,13042,4626,0,0,45881,2982,15200,69399,0,15884,15742
2,4.28E+06,720750,64922,714070,370621,1.39E+06,2.18E+06,4.85E+06,4.44E+06,573828,362191,1.33E+06,1.12E+06,266784,1.58E+06,702140,1.26E+06,1.01E+06,295507,494936,441880,270195,193620,243372,325626,236724,881995,404885,638150,1.68E+06,43084,434927,424196,353491,220130,366488,1.31E+06,199157,229526,111627,264563,186158,140332,80754,179063,1.52E+06,13122,41846,139555,247047,84595,107758,168181,764745,72874,311271,86744,525454,94368,38265,74614,62899,98966,325623,81959,32360,38934,55597,488574,579556,74893,110367,75581,126655,193311,111070,383290,38671,22608,194756,103059,75105,60110,111449,16846,34643,189498,69621,48252,142173,118466,18977,147285,54953,48410,210664,27283,53516,37233,7812,7623,43311.5,78253,0,68910,17444,19194,20161,28022,20735,333977,597057,48778,111387,128638,68439,130071,34974,130296,34886,20787,20790,21029,20343,0,23388,63557.8,0,14231,23474,93969,32585,36937.8,77792,5836,90603,55924,27292.1,37889,23665,16579,28548,17276,13763,8323,22680,7952,18331,106956,10912,41356,11737,48663,11954,16887,92789,13334,0,11325,11525,9987,49162,28600.8,77577,9630,38615,12016,26266,65986,24572.8,14478,14417.4,23014,6053,13196,11883,6202,18985,0,44020,12466.2,29241,0,10338,35205,3305,0,0,25746,4775,0,3784,152280,0,8220.04,9079
2,8.41E+06,1.67E+06,797718,2.21E+06,177136,1.40E+06,712532,224715,552209,1.05E+06,914794,1.30E+06,1.22E+06,1.02E+06,1.45E+06,1.17E+06,421698,749231,501860,366765,258388,540174,493735,566026,43940,304721,376129,429283,557575,313298,884957,15890,1.22E+06,1.07E+06,143716,819432,23900,143558,82213,356257,258425,212967,153570,66105.1,130202,873504,168910,140990,132660,668389,118337,175747,595567,137346,134246,38239,187065,24731,39021,20294,31422,155066,90594,112914,60466.2,43889.2,29008,64154,52773,362722,100805,273105,75581,126655,229677,111070,39372,60433,5783,165671,99102.7,42506,51601,200178,41292,35071,178010,0,36052,94695,176759,48890,160581,53182,36911,310469,30892,169348,51352,7412,8535,37603,49309,0,136850,22288,5786,22683,23879,31144,10843,95084.7,45481,73158,99703,64376,94182,33839,37027,25042,42899,19558,23624,0,19878,36148,23023,7507,15953,18452,13718,25053,21097,75957,15608,62907,5274,16353,36128.3,16952,12701,18625,6253,16667,7529,43586,5138,7504,77572,21894,7569,5935,39036,15292,0,65011,14053,19099,11451,14508,15342,50053,22824,18465,18694,22443,11494,50678,24081.5,10487,43530,9157,32300,11089,13678,43302,0,34607,5173,6474,6778,13546,7253,0,10031,7725,0,0,0,3951,3060,10477,86800,0,9365,9342
2,3.57E+06,955424,244722,239554,150564,1.12E+06,2.31E+06,584887,3.59E+06,701856,243611,1.88E+06,972453,269208,1.63E+06,1.76E+06,1.34E+06,1.34E+06,183225,445809,255564,836413,226246,445810,26672,89186,335284,425425,563795,405531,259723,464122,639616,584815,140861,526420,1.51E+06,114439,91644,291598,229774,146390,97240,61968,63551,2.03E+06,7925,75509,99994,386877,0,76128,271084,157850,117394,391201,139142,637224,53063,16636,8038,46365,96146,41323,60466.2,43889.2,134373,40511,357215,819656,159926,170706,75581,45101,197726,39393,259315,0,13182,211750,88293,26880,46479,164866,8558,42383,194672,63506,32362,77119,128805,22374,236722,34058,32940,330808,0,85232,64209,5114,7515,56029,122931,0,86421,0,19319,0,19153,7583,234722,415473,69815,109632,123784,18396,129502,57036,83959,13175,10235,18466,13825,0,0,7553,63557.8,0,5468,19475,70341,66093,17391,101731,2749,107500,52391,14264,15718,8770,9809,36358,18884.3,32446.7,8220,8806,5097,21447.9,151804,19437,10374,7807,16547,11095,0,67749.7,27079.8,0,5441,24889.7,7448,50347,34561,10615,5463,49342,14295,28921,47452,41494,22400,4953,29564,3284,5777,18575,3742,29073,0,31891,12466.2,16403,0,0,12932.4,3562,0,0,17696,0,0,6354,8250,7109,11547,10648
2,7.62E+06,3.27E+06,4.53E+06,1.33E+06,2.43E+06,1.37E+06,1.83E+06,173773,376276,2.23E+06,697691,1.66E+06,6.22E+06,515510,1.71E+06,1.67E+06,1.13E+06,1.25E+06,446704,856100,542497,728452,445398,433970,1.04E+06,494852,239068,482871,749910,375302,257728,33941,98231,80547,467737,78088,60358,200963,171078,290351,229774,490584,150904,218688,166792,73665,144074,142494,150477,52583,270160,177599,37923,142692,307269,22106,155384,47697,111103,212184,51054,94254,232967,68799,247440,176044,302509,81312,38004,43361,200673,24191,52196,49373,27453,45575,131448,42255,5883,22775,117076,55499,92473,18897,36527,159924,29411,0,56830,131709,20467,46703,16132,53687,141709,958499,0,14911,146562,113174,117834,86675,65750,91496,11773,0,33966,0,25609.5,33990,53560.3,95084.7,58957,9450,12815,55229,11321,66008,28855,36966,19148,59272,22106,0,22921,27842,20273,3674,17419,36948,21559,40051,16058,8207,11592,8025,29649.7,44882,10418,28387,16190,42950,68501,17894,7746,13933,6166,46673,8449,36205,15493,15609,18101,11106,13158,67749.7,16214,36565,17228,15418,15223,4812,13533,9865,23205,19852,23148,5887,7787,20049,3687,9539,4253,4423,7863,3114,0,3460,7290,4503,6029,12621,0,9699,9998,11380.9,0,0,0,3168,0,5668.23,411075,6887,8220.04,8457.72
2,4.97E+06,1.05E+06,1.46E+06,1.62E+06,567352,1.24E+06,1.56E+06,1.25E+06,4.57E+06,620155,464381,1.74E+06,1.00E+06,748389,1.62E+06,1.25E+06,963380,1.70E+06,628982,729864,260402,1.01E+06,377110,541369,129598,170900,617526,407248,916091,676523,9292,130217,297671,246312,172973,259721,258088,264733,234115,137238,193728,111557,160993,188974,133290,796795,6545,65244,202312,186695,0,165758,106436,144108,104451,84361,194092,205683,85698,59924,254600,88617,276616,66644,36933,49504,121382,59522,488969,314366,112760,93069,56269,43799,96677,35935,367146,35721,21175,99857,132355,93058,55641,113764,24857,37277,97653,49359,85842,139706,61040,38965,150488,59109,38706,344342,0,44858,50569,7486,7974,35794,35589,35479,59452,0,9107,0,30783,14211,52058,81735,108241,58237,60514,34957,58043,80739,57319,31693,31402,27456,18546,72445,0,11093,38165,5625,13111,46366,96647,105086,43836,50698,28066,41839,88855,11472,36128.3,17747,22405,37492,9967,30894,8691,16386,3707,16396,57380,17750,18290,24199,15501,34276,17235,67749.7,17123,0,14708,16363,12228,23058,18878,24432,9572,22614,41520,15348,65321,52498,12244,14417.4,15058,29174,10708,6990,7938,19480,4911,41745,5251,31524,0,11928,12932.4,11891,0,0,24134,4626,3443,2841,8944,10332,5801,5083
2,8.91E+06,1.23E+06,2.56E+06,540755,866417,1.37E+06,1.19E+06,44220,435719,809393,913185,1.37E+06,588236,454412,1.43E+06,974159,695339,945403,475946,576131,515374,822953,306060,357431,128878,159750,1.22E+06,454638,947982,1.11E+06,4.53E+06,10381,378322,284718,266772,295722,13855,203164,125049,116599,113878,54195,655981,3071,191705,1.42E+06,113862,101621,489562,243911,40955,316824,140082,312019,93105,77597,123989,132435,63727,82323,103099,30312,92260,89764,36970,72760,76021,76272,48392,562816,98313,117241,36657,231999,143364,245743,27446,57597,11782.9,134978,89356,116229,29459,128458,53130,30206,160704,0,28105,91450,81270,30075,193365,29787,56197,7069,13083,54212,58621,69655,72296,53998,55210,68447,57759,0,182950,0,5464,12602,10353,95084.7,70436,82266,89426,32107,91414,89228,48893,26204,19753,65911,25832,0,24623,6949,122839,0,18560,100082,20823,25134,28424,73088,16980,68275,5951,27292.1,46426,20056,17715,5021,10076,35448,8812,5597,5019,11358,103508,12772,25893,18533.9,12689,48627,9211,97185,28418,6498,26481,28139,13196,34606,19583,23678,38619,6490,11037,22596,5623,20178,13674,6507,18914,7892,19873,10283,0,22530,6184,4819,8666,14444,6870,6073,12932.4,3976,5069,0,0,0,6537,3490,146795,14985,8136,8538
2,1.60E+07,624432,374593,2.10E+06,182891,1.18E+06,1.08E+06,250723,513518,3.34E+06,2.91E+06,1.46E+06,1.42E+06,1.70E+06,1.08E+06,1.27E+06,656076,684688,1.15E+06,445662,418746,927759,613888,538573,52138,930005,1.54E+06,371691,39181,788773,6114,56190,835859,738651,143464,702972,79646,85777,53764,1.02E+06,207287,167371,982526,24352,565985,1.26E+06,96780,450994,620291,444863,0,481436,365626,265122,184052,84091,107217,43210,32376,20798,122012,104658,153242,59022,12361,17186,32611,270222,48911,480921,101205,190901,75581,27015,311915,19649,33870,195156,11810,254383,116299,246391,91895,184980,33158,49518,213441,13217,73763,103934,195625,78121,196254,13961,58024,263750,0,107800,51927,9581,9002,43311.5,113578,163511,105032,0,7931,0,34420,80633,26240,12410,63400,127267,134428,50512,129445,54940.1,53255,55677,43721,4511,54848,0,44623,49847,37507,16997,67033,16719,20376,34164,62194,83223,63990,100196,18247,18560,46969,42127,22856.3,22652,18884.3,79734,8116,23616,12547,21447.9,99238,21211,11349,18533.9,58122,53921,0,87059,44164,44224,84871,57014,14080,60301,22323,12925,7072,19940,21926,42634,7077,38892,28731,21329,33004,3898,35033,21568,0,29315,23037,5443,21020,13032,19911,0,8341,6111,10928,17602,0,2525,5394,8015,6856,0,9980,11702
2,3.04E+06,606283,117017,1.55E+06,498065,1.01E+06,3.21E+06,72666,513570,807087,232567,1.29E+06,725214,609304,1.02E+06,2.66E+06,2.07E+06,1.96E+06,349755,368706,209045,774826,465047,549755,273842,363873,608057,359847,660125,1.30E+06,4.23E+06,15749,698046,601816,146907,590621,19363,350122,559436,313892,161806,224108,51233,5275,75401,2.38E+06,154975,64509,66592,421837,0,61316,281161,643315,96175,24498,139142,12148,224756,51998,23861,86750,61621,88367,71662,43394,150775,39723,47250,1.03E+06,193872,174464,75581,217246,255679,205220,31837,0,8373,280786,47082,28820,40080,169986,4506,44929,242733,5048,35284,108139,182505,39110,222586,58155,33467,2853,0,86297,79729,7433,28401,43086,70002,24762,90857,0,74558,0,19992,29082,9096,5690,44231,149439,166845,36696,176578,67325,35626,18105,27882,16301,12972,0,18446,18132,250614,10041,5905,36683,20248,41118,57458,124688,11399,118441,7646,32187,33876,20155,30525,33008,24950,6479,4706,23451,4116,36750,81748.8,18960,21745,30558,14301,26415,36740,67749.7,27079.8,9401,26054.8,24889.7,14524,65171,36558,68154,25769,31357,7491,35958,9323,29228,23783,14417.4,32845,19148,5860,18078,0,27457,0,5136,12466.2,8919,0,30792,6564,2466,0,0,7631,0,3826,6301,3579,0,13323,11940
2,1.57E+07,989248,3.92E+06,4.13E+06,230422,1.32E+06,1.18E+06,61293,1.84E+06,1.70E+06,3.97E+06,2.06E+06,1.87E+06,1.06E+06,2.08E+06,1.84E+06,623225,998644,1.53E+06,1.09E+06,548582,674698,1.51E+06,401669,155333,1.54E+06,611201,370095,718598,932173,172880,13426,199909,215715,374766,218638,16897,211594,246871,250896,229774,268473,913023,5260,453470,196229,131537,555271,777936,121867,47566,857111,85724,354820,282454,30528,90781,9717,124471,23924,297591,367439,700279,97134,40171,17767,64868,277124,65628,98495,117418,57685,86558,18254,65062,9941,48868,309405,11782.9,61654,93164,221378,111218,73793,0,67624,40907,0,59593,123869,41716,168743,67287,88130,55073,158833,22772,31213,51927,32671,26596,66685,217899,63379,51329,9586,31871,12144,44566,146305,53560.3,6964,30375,89167.8,27779,59712,28651,27478,20370,111035,25438,59847,81265,0,24275,94536,137822,74796,55629,23168,16002,18017,36270,20958,134083,20756,6464,42975,27498,51682,18902,34083,13441,49305,20335,42333,8209.58,18557,21214,61056,42394,16993,54084,42357,17373,18138,86557,0,50974,47472,37005,10874,15157,18567,20132,53392,59920,10411,8436,4126,8943,28413,10243,12866,46079,5927,0,13062,24396,7012,26808,18174.4,29261,6108,19951,39709,0,43230,4154,4848,3765,5668.23,376091,0,3581,2596
2,4.23E+06,2448,105128,310727,214539,1.06E+06,1.20E+06,225069,609021,747935,323350,772468,725949,509169,817709,1.19E+06,685882,1.15E+06,330606,389490,167680,599447,277947,498698,49927,138787,203426,380146,493454,204128,2.02E+06,14850,454645,296462,142372,268183,47884,50324,33623,207453,188560,122563,77877,3058,68188,3.09E+06,109733,63471,86920,326404,82458,85436,151529,103307,143707,108952,139142,28797,17104,24761,101303,43387,133175,27047,12449,20733,43323,27334,53791,1.44E+06,119576,142844,40805,59695,200036,61512,36004,19372,3345,198445,88637,46169,39710,142189,0,33043,245402,0,41609,87833,129147,26334,246578,19768,29014,251642,23452,59389,54439,21630,16385,38214,20416,0,46831,16172,13849,16274,37255,12307,11008,17595,66430.1,116382,177928,36241,191857,52689,68959,16595,21988,33294,14554,0,23932,7700,63557.8,23679,6192,56143,26092,37531,36937.8,142927,37250.6,154069,4250,15169,36128.3,10991,22856.3,25891,18884.3,17512,8754.43,8023,6769,21447.9,81748.8,20374,27908.1,18533.9,20003,4216,0,67749.7,9982,12536,8083,6045,9461,70837,22631,6828,5242,10674,18873,27645,6175,24572.8,16791,14417.4,26154,5068,6203,11118,0,24437,0,5608,12466.2,10190,0,0,3848,11380.9,0,0,0,0,0,3230,4000,0,8220.04,12956
2,1.16E+07,398037,12889,3.89E+06,297606,1.24E+06,1.27E+06,540465,550946,3.39E+06,2.09E+06,855184,6500,1.59E+06,1.02E+06,530584,792056,744531,778095,611737,190760,440069,580385,635135,88648,1.69E+06,701360,390746,401553,698735,31643,68846,571659,578686,221879,550039,143229,283381,332085,195880,229774,409895,187275,35946,401876,1.27E+06,43685,142644,199892,318060,71572,287123,215544,177680,199123,84896,145025,76135,117618,32647,59426,61682,143661,89412,23231,26464,30515,163765,47934,554328,48342,136081,142892,10449,253168,111070,31724,0,7842,227413,99154,112470,80347,140616,124036,68549,167805,7383,69957,185060,141625,60339,168105,44950,76635,10113,20379,72405,24389,9548,9782,32903,121075,50865,106123,13487,54662.2,15936,10113,165804,52624,45470,33496,129165,124221,102207,121844,54940.1,69834,46994,60826,38370,43693,0,30859,122742,21992,0,50432,12677,18630,22016,36776,75146,33496,97493,9236,55156,28500,30963,23685,15591,11917,45178,13238,75934,26930,24970,106324,29238,10297,16176,31369,22525,23278,82183,29744,0,28991,27243,13990,40484,28600.8,24091,9000,21820,12922,27348,7274,15571,19056,7863,27161,7189,22881,12438,0,23400,13930,16339.6,14716,19700,13493,13008,13653,3035,9909,12354,1925,3038,6079,5281,3028,0,8663,9351
2,1.23E+07,679537,449919,1.57E+06,274380,1.32E+06,746199,1.63E+06,4.61E+06,651222,2.34E+06,1.66E+06,1.04E+06,1.17E+06,1.49E+06,1.08E+06,456318,1.13E+06,1.45E+06,742441,300644,922818,941855,362241,184334,417563,641554,381230,902783,835104,485883,191312,439301,414721,118766,420108,348027,109607,82279,243804,235016,273049,670911,175648,448686,1.45E+06,81439.4,262998,679938,256199,41753,511477,181457,251228,354533,123038,110204,261736,46489,28710,78382,96376,223653,41296,48067,23704,41557,190328,467992,641722,119802,115230,106071,37217,183717,28807,340687,0,31639,172733,133473,217634,58954,116196,0,96665,151379,66269,45916,211914,109798,91361,156093,26837,35647,151233,0,57231,45649,52244,36123,29127,40052,56195,62567,0,47367,0,26138,35778,70813,88450,103068,96896,98549,46432,111663,63975,104286,68484,48446,45265,43615,63552,0,24994,63557.8,5792,57427,22977,92862,52445,15931,70784,82786,77334,100428,27292.1,32631,39336,22856.3,29274,18884.3,42649,9199,19743,4816,6273,114003,54666,10050,5986,35096,24990,0,90429,58547,8025,43449,37811,17232,46183,28600.8,24387,14193,30797,35227,25719,66005,19585,14840,11843,23556,34264,17926,11470,7373,19355,14329,39965,16506,18174.4,14833,0,7888,11380.9,10118,17298,23073,0,2546,4356,6298,9750,8787,8567
2,1.72E+06,662280,1.15E+06,82401,1.12E+06,616694,1.66E+06,175684,397647,347689,127767,1.12E+06,830534,82935,851188,904102,1.05E+06,1.43E+06,90416,664717,349111,664782,59577,76563,1.10E+06,30595,1.03E+06,278567,579013,1.08E+06,120185,12657,556365,529505,290682,543730,17282,840388,701393,101808,210623,198423,41117,6551,37550,1.05E+06,93436,194818,53232,314960,0,25220,235128,292981,78132,22251,139142,18047,415722,108738,148308,8783,78078,520132,247513,89139,78423,9779,38625,365213,56283,133796,75581,15593,177882,9510,131448,0,7704,168618,86378,24108,51185,129454,0,35171,155372,5498,46419.8,140391,117904,54291.6,151724,169567,18511,5116,13562,72854,37850,31186,33617,37986,92806,0,94989,6751,136632,0,25685,42158.7,11903,7154,71453,94833,93671,48429,91378,47366,19850,38104,32604.5,9672,7455,0,0,29746.3,57275,0,30185.2,43809,16173,31516,24929,66222,37250.6,64520,8146,27292.1,35935,25607.1,65636,25486,34591,32446.7,8754.43,22933.6,8209.58,41746,69829,13749,79343,51603,12133,20687,40860,74087,27079.8,0,26054.8,24889.7,15582.6,46796,46344,51938,14192,54303,13408,28040,9215,8602,19912,14417.4,25369,19420,16487.7,14447,0,23031,0,5132,12466.2,11339,0,25722,14854,11380.9,0,0,0,3748,0,5303,225302,0,7642,8875
2,1.39E+07,511756,291169,2.06E+06,278417,1.19E+06,544187,228881,526055,638259,2.89E+06,1.22E+06,930755,1.62E+06,990617,1.27E+06,344729,731031,1.57E+06,686338,322564,909693,838224,321574,55314,478011,428901,359523,529181,329942,469764,50592,460558,440981,163151,409619,74033,173728,176516,1.38E+06,166712,156336,765615,32233,563055,987602,125665,770417,692659,263422,0,385366,179752,120361,281492,69745,93788,38384,81553,29127,331215,145954,187448,87834,60466.2,22979,26347,429923,51850,383410,143703,117660,147571,55839,174485,46145,34465,207214,16549,169056,115453,230248,58058,114416,0,81362,147183,15846,26778,184162,120661,105692,139059,32522,51320,6309,0,58885,37591,23751,13523,25142,26842,0,71435,0,13801,0,23260,38609,23471,95084.7,29561,95545,97238,31608,88537,32902,62777,59856,41532,25009,55443,0,0,15735,8318,5939,74773,22337,25507,24190,36937.8,58509,103115,61237,23749,21553,21525,41475,22856.3,20233,18884.3,71967,9156,12725,6788,11235,71329,25081,16664,11674,42620,18770,13374,64857,35063,34182,48239,33868,24762,42407,17829,12506,18529,8994,36322,24524,7197,11692,15573,34139,20965,7781,20627,12022,0,19641,32104,16339.6,19421,6967,18925,10141,12735,3431,0,27365,0,3285,4956,4614,7232,0,6542,7588
